pinjuuuuuuuuuu,632f7753-cbd8-3ed9-ac0f-dc7e591a9f60
007d83qq,c2f41af3-1761-3464-9bee-656c5f9b3b7d
ligmads,ce1d08bf-b313-3452-bf7f-917c15021441
saxeskaiser,87e82be1-0770-3fcc-b53c-8f882136b0d4
siongsng,6f071b31-7ff8-39d9-90b4-cf54cc3cda85
daggduke,0b67785c-e173-3a32-9882-53dd6018ff42
skywind5487,5ee1c2a5-862c-3065-a241-7ef27e7775c6
wolfieflys,25f3ede6-4b1a-3492-b11e-ad189c7022f5
lingyueee,2b748461-ebde-3ab2-8bbc-57d7495c1af9
lexoromyt,3e481966-12f9-3c9e-b90a-7cb24c7d4ca7
skarten0305,cd56fad8-0f39-366f-a73f-7964cc015fd7
